CustomerID,Name,Country,Product,Quantity,Price
100,James Wilson,UK,Laptop,2,1200
101,Sara Lee,Canada,Tablet,3,500
102,Sara Lee,Canada,Headphones,2,150
103,Laura Scott,Australia,Tablet,1,500
104,David Thompson,Spain,Smartphone,3,800
105,David Thompson,UK,Tablet,1,500
106,Sophie Turner,Australia,Smartwatch,3,250
107,Ana Martinez,USA,Laptop,3,1200
108,Robert Davis,Australia,Smartphone,3,800
109,Maria Garcia,Mexico,Headphones,1,150
110,James Wilson,Canada,Tablet,3,500
111,Chris Taylor,Canada,Smartwatch,3,250
112,Laura Scott,Spain,Smartphone,2,800
113,Laura Scott,Canada,Tablet,1,500
114,Chris Taylor,USA,Laptop,1,1200
115,David Thompson,UK,Tablet,3,500
116,Sophie Turner,Mexico,Smartphone,2,800
117,Robert Davis,Mexico,Smartphone,2,800
118,Ana Martinez,Canada,Laptop,2,1200
119,Linda Kim,Mexico,Smartphone,1,800
120,Sara Lee,Canada,Laptop,3,1200
121,Linda Kim,UK,Smartphone,3,800
122,John Smith,Mexico,Tablet,1,500
123,Maria Garcia,Spain,Headphones,1,150
124,Laura Scott,Mexico,Smartphone,1,800
125,Linda Kim,Mexico,Laptop,2,1200
126,Maria Garcia,UK,Smartphone,3,800
127,Ana Martinez,UK,Smartwatch,3,250
128,Laura Scott,UK,Headphones,3,150
129,Robert Davis,Canada,Headphones,1,150
130,Linda Kim,Mexico,Laptop,2,1200
131,Robert Davis,Spain,Smartwatch,1,250
132,Chris Taylor,Mexico,Smartwatch,3,250
133,Chris Taylor,Canada,Laptop,2,1200
134,Robert Davis,Canada,Smartwatch,1,250
135,Ana Martinez,Mexico,Headphones,3,150
136,Robert Davis,USA,Tablet,2,500
137,Emily White,Australia,Smartphone,3,800
138,Laura Scott,Australia,Tablet,2,500
139,Chris Taylor,Mexico,Tablet,1,500
140,Linda Kim,Australia,Tablet,3,500
141,David Thompson,USA,Smartwatch,2,250
142,John Smith,USA,Laptop,1,1200
143,Sophie Turner,Spain,Headphones,3,150
144,David Thompson,UK,Headphones,1,150
145,Alex Brown,Canada,Smartwatch,2,250
146,Emily White,UK,Laptop,2,1200
147,Emily White,Canada,Smartwatch,2,250
148,David Thompson,Canada,Headphones,3,150
149,Alex Brown,UK,Laptop,1,1200
150,Sophie Turner,Canada,Tablet,2,500
151,James Wilson,Spain,Headphones,3,150
152,James Wilson,Spain,Tablet,3,500
153,Tom Clark,UK,Tablet,1,500
154,Sophie Turner,Canada,Tablet,2,500
155,Chris Taylor,Canada,Smartphone,2,800
156,Emily White,Mexico,Smartwatch,3,250
157,Tom Clark,Spain,Smartphone,2,800
158,Chris Taylor,UK,Headphones,1,150
159,Sara Lee,Canada,Laptop,1,1200
160,Sara Lee,Canada,Laptop,3,1200
161,Sophie Turner,UK,Laptop,2,1200
162,Maria Garcia,Spain,Headphones,3,150
163,Chris Taylor,USA,Headphones,3,150
164,Daniel Evans,Australia,Tablet,2,500
165,Emily White,Mexico,Smartphone,1,800
166,Sophie Turner,Canada,Tablet,1,500
167,Ana Martinez,Spain,Laptop,3,1200
168,Linda Kim,Mexico,Smartphone,1,800
169,Robert Davis,Mexico,Smartwatch,3,250
170,Maria Garcia,Australia,Smartphone,2,800
171,Laura Scott,Australia,Laptop,1,1200
172,Sara Lee,Mexico,Smartphone,3,800
173,Laura Scott,Spain,Tablet,2,500
174,Emily White,USA,Laptop,3,1200
175,David Thompson,Spain,Headphones,2,150
176,Laura Scott,UK,Tablet,1,500
177,Ana Martinez,UK,Tablet,1,500
178,Sara Lee,Mexico,Smartwatch,3,250
179,Daniel Evans,Spain,Smartphone,1,800
180,Maria Garcia,Mexico,Headphones,2,150
181,Emily White,Spain,Tablet,3,500
182,Tom Clark,Mexico,Smartwatch,2,250
183,Chris Taylor,Canada,Tablet,1,500
184,John Smith,UK,Smartwatch,2,250
185,Chris Taylor,USA,Smartphone,1,800
186,Daniel Evans,Australia,Tablet,3,500
187,John Smith,UK,Headphones,1,150
188,Maria Garcia,USA,Laptop,3,1200
189,Ana Martinez,USA,Smartphone,1,800
190,Daniel Evans,Spain,Smartphone,3,800
191,Chris Taylor,Australia,Laptop,1,1200
192,Tom Clark,Mexico,Tablet,2,500
193,Laura Scott,USA,Laptop,2,1200
194,Alex Brown,Mexico,Laptop,2,1200
195,Chris Taylor,Canada,Tablet,1,500
196,Maria Garcia,UK,Smartphone,1,800
197,Linda Kim,Spain,Laptop,2,1200
198,Laura Scott,Australia,Tablet,2,500
199,Alex Brown,Spain,Smartphone,2,800
200,Sophie Turner,Canada,Headphones,3,150
201,Robert Davis,UK,Smartwatch,1,250
202,Alex Brown,Canada,Smartphone,3,800
203,Maria Garcia,Canada,Headphones,2,150
204,Daniel Evans,Canada,Tablet,1,500
205,Emily White,Canada,Smartphone,3,800
206,Ana Martinez,UK,Smartphone,3,800
207,James Wilson,UK,Smartphone,3,800
208,John Smith,Mexico,Smartwatch,3,250
209,Maria Garcia,Spain,Headphones,1,150
210,Robert Davis,Australia,Tablet,1,500
211,David Thompson,Canada,Smartwatch,2,250
212,Emily White,UK,Smartwatch,2,250
213,Maria Garcia,UK,Tablet,1,500
214,James Wilson,USA,Headphones,2,150
215,Linda Kim,Canada,Headphones,1,150
216,Robert Davis,Mexico,Smartwatch,1,250
217,John Smith,Canada,Smartphone,2,800
218,Maria Garcia,Canada,Laptop,3,1200
219,Alex Brown,Australia,Tablet,1,500
220,Robert Davis,UK,Smartwatch,2,250
221,Laura Scott,Mexico,Headphones,3,150
222,Linda Kim,USA,Headphones,3,150
223,Ana Martinez,Australia,Smartphone,1,800
224,Tom Clark,Spain,Smartphone,2,800
225,Maria Garcia,Canada,Smartwatch,3,250
226,James Wilson,UK,Headphones,3,150
227,Linda Kim,Canada,Tablet,2,500
228,John Smith,Mexico,Smartphone,2,800
229,Laura Scott,Mexico,Tablet,2,500
230,Sophie Turner,Canada,Smartwatch,3,250
231,John Smith,Spain,Headphones,2,150
232,Robert Davis,Canada,Smartwatch,2,250
233,Tom Clark,Australia,Smartphone,2,800
234,Sophie Turner,USA,Headphones,3,150
235,Alex Brown,Australia,Laptop,3,1200
236,James Wilson,USA,Tablet,2,500
237,Sophie Turner,Spain,Tablet,2,500
238,Sara Lee,Canada,Laptop,1,1200
239,Chris Taylor,Australia,Smartphone,1,800
240,Robert Davis,Mexico,Smartwatch,3,250
241,Linda Kim,UK,Smartwatch,1,250
242,Maria Garcia,Mexico,Smartphone,1,800
243,Sara Lee,Canada,Laptop,2,1200
244,Laura Scott,UK,Smartphone,3,800
245,Daniel Evans,USA,Smartwatch,2,250
246,Ana Martinez,UK,Smartphone,3,800
247,Chris Taylor,Spain,Headphones,3,150
248,Sara Lee,Australia,Smartphone,1,800
249,James Wilson,Canada,Smartphone,1,800
250,John Smith,USA,Smartwatch,3,250
251,Daniel Evans,Spain,Laptop,1,1200
252,John Smith,USA,Headphones,3,150
253,Robert Davis,Australia,Tablet,1,500
254,Daniel Evans,Mexico,Headphones,2,150
255,Chris Taylor,Australia,Headphones,1,150
256,David Thompson,Canada,Smartwatch,3,250
257,Alex Brown,USA,Headphones,2,150
258,Chris Taylor,Canada,Tablet,3,500
259,Sophie Turner,Mexico,Tablet,2,500
260,Emily White,Spain,Tablet,2,500
261,Sophie Turner,Canada,Tablet,2,500
262,Chris Taylor,Mexico,Smartwatch,1,250
263,Linda Kim,Spain,Headphones,1,150
264,John Smith,UK,Headphones,2,150
265,Ana Martinez,Spain,Smartwatch,2,250
266,Alex Brown,UK,Smartwatch,3,250
267,Robert Davis,Spain,Headphones,1,150
268,Laura Scott,Australia,Smartwatch,2,250
269,Sophie Turner,Australia,Headphones,1,150
270,Daniel Evans,Canada,Smartwatch,1,250
271,Emily White,UK,Smartphone,2,800
272,Robert Davis,USA,Laptop,2,1200
273,Robert Davis,Spain,Tablet,2,500
274,Daniel Evans,USA,Headphones,3,150
275,Linda Kim,USA,Laptop,3,1200
276,David Thompson,Canada,Smartwatch,1,250
277,Linda Kim,Spain,Smartphone,3,800
278,John Smith,USA,Smartphone,3,800
279,Sara Lee,Canada,Smartphone,3,800
280,Chris Taylor,Mexico,Smartwatch,3,250
281,David Thompson,USA,Headphones,3,150
282,Maria Garcia,UK,Tablet,2,500
283,Alex Brown,UK,Laptop,3,1200
284,Linda Kim,UK,Laptop,3,1200
285,Ana Martinez,Mexico,Laptop,3,1200
286,Maria Garcia,Spain,Headphones,2,150
287,Maria Garcia,Canada,Smartphone,3,800
288,Laura Scott,Spain,Smartphone,3,800
289,Laura Scott,Spain,Tablet,1,500
290,Linda Kim,USA,Smartphone,3,800
291,Robert Davis,USA,Smartphone,3,800
292,Linda Kim,Australia,Tablet,2,500
293,Daniel Evans,Australia,Smartwatch,3,250
294,Daniel Evans,UK,Headphones,2,150
295,Alex Brown,Australia,Headphones,2,150
296,Tom Clark,Spain,Tablet,1,500
297,John Smith,Canada,Laptop,3,1200
298,Tom Clark,Canada,Smartphone,1,800
299,Maria Garcia,Spain,Smartphone,2,800
300,Chris Taylor,Australia,Tablet,1,500
301,James Wilson,Australia,Tablet,1,500
302,Daniel Evans,Spain,Smartwatch,1,250
303,Ana Martinez,Mexico,Tablet,3,500
304,Tom Clark,Canada,Smartwatch,2,250
305,David Thompson,Mexico,Smartphone,2,800
306,Emily White,Canada,Smartphone,3,800
307,Laura Scott,Canada,Headphones,1,150
308,James Wilson,Spain,Smartwatch,2,250
309,Chris Taylor,USA,Headphones,2,150
310,Chris Taylor,Mexico,Headphones,2,150
311,Ana Martinez,USA,Smartphone,3,800
312,David Thompson,Mexico,Headphones,3,150
313,Alex Brown,Australia,Headphones,3,150
314,Laura Scott,Mexico,Smartwatch,3,250
315,Sophie Turner,UK,Laptop,1,1200
316,Tom Clark,USA,Smartwatch,2,250
317,Robert Davis,Spain,Smartwatch,1,250
318,Chris Taylor,Australia,Tablet,1,500
319,Sophie Turner,Australia,Smartwatch,2,250
320,Ana Martinez,Mexico,Laptop,3,1200
321,Sara Lee,USA,Smartwatch,2,250
322,Alex Brown,Mexico,Tablet,3,500
323,Ana Martinez,Spain,Smartwatch,3,250
324,Chris Taylor,USA,Tablet,2,500
325,Linda Kim,UK,Smartwatch,3,250
326,Sophie Turner,Mexico,Smartphone,2,800
327,Maria Garcia,UK,Headphones,3,150
328,Ana Martinez,Mexico,Headphones,2,150
329,Chris Taylor,USA,Tablet,1,500
330,James Wilson,Australia,Smartphone,2,800
331,Maria Garcia,Mexico,Smartphone,2,800
332,Alex Brown,Canada,Tablet,2,500
333,David Thompson,Spain,Smartwatch,1,250
334,James Wilson,Canada,Smartphone,3,800
335,Laura Scott,UK,Laptop,2,1200
336,Laura Scott,Canada,Smartphone,3,800
337,Robert Davis,Australia,Tablet,3,500
338,John Smith,Australia,Laptop,1,1200
339,Sara Lee,Spain,Tablet,3,500
340,Linda Kim,Australia,Headphones,2,150
341,Sara Lee,Australia,Headphones,2,150
342,Emily White,UK,Tablet,2,500
343,Ana Martinez,Mexico,Smartwatch,1,250
344,Maria Garcia,UK,Smartphone,2,800
345,Sophie Turner,Canada,Tablet,1,500
346,Chris Taylor,Spain,Smartphone,2,800
347,Sophie Turner,Canada,Tablet,1,500
348,John Smith,USA,Tablet,3,500
349,James Wilson,UK,Tablet,3,500
350,Ana Martinez,Spain,Laptop,2,1200
351,Laura Scott,UK,Laptop,3,1200
352,Sara Lee,USA,Tablet,2,500
353,James Wilson,Spain,Smartwatch,3,250
354,Chris Taylor,Spain,Smartwatch,3,250
355,David Thompson,UK,Smartphone,2,800
356,Ana Martinez,Spain,Smartwatch,2,250
357,Ana Martinez,Mexico,Laptop,1,1200
358,Daniel Evans,Australia,Smartwatch,3,250
359,Laura Scott,Spain,Headphones,1,150
360,Tom Clark,Mexico,Headphones,3,150
361,Alex Brown,Mexico,Headphones,2,150
362,James Wilson,USA,Headphones,1,150
363,Chris Taylor,Spain,Laptop,2,1200
364,Emily White,Canada,Smartphone,1,800
365,Sara Lee,Mexico,Headphones,2,150
366,Chris Taylor,UK,Tablet,2,500
367,Alex Brown,USA,Headphones,3,150
368,Emily White,Spain,Laptop,3,1200
369,James Wilson,Australia,Laptop,2,1200
370,Alex Brown,USA,Tablet,2,500
371,Sara Lee,Mexico,Smartphone,2,800
372,Sophie Turner,UK,Smartwatch,1,250
373,Tom Clark,Spain,Laptop,3,1200
374,Sophie Turner,Spain,Laptop,3,1200
375,Linda Kim,Australia,Smartwatch,3,250
376,John Smith,Australia,Smartwatch,3,250
377,John Smith,Australia,Headphones,2,150
378,David Thompson,UK,Tablet,1,500
379,Daniel Evans,UK,Tablet,3,500
380,James Wilson,Australia,Smartwatch,1,250
381,Alex Brown,USA,Tablet,3,500
382,Robert Davis,Spain,Tablet,3,500
383,Sophie Turner,Australia,Laptop,2,1200
384,Linda Kim,Australia,Headphones,3,150
385,Robert Davis,USA,Smartwatch,1,250
386,Daniel Evans,Australia,Smartwatch,1,250
387,Sara Lee,UK,Headphones,2,150
388,Daniel Evans,Mexico,Headphones,2,150
389,Emily White,Australia,Laptop,2,1200
390,Sophie Turner,UK,Smartwatch,1,250
391,David Thompson,USA,Smartwatch,3,250
392,Sara Lee,Mexico,Smartwatch,1,250
393,Ana Martinez,Australia,Headphones,1,150
394,David Thompson,Spain,Tablet,2,500
395,Alex Brown,USA,Smartwatch,1,250
396,Tom Clark,Spain,Laptop,2,1200
397,David Thompson,Mexico,Headphones,3,150
398,Ana Martinez,UK,Smartwatch,3,250
399,Sophie Turner,Mexico,Laptop,3,1200
400,Laura Scott,Australia,Laptop,1,1200
401,John Smith,Australia,Smartwatch,3,250
402,Chris Taylor,Mexico,Smartphone,1,800
403,Chris Taylor,Canada,Laptop,1,1200
404,Sophie Turner,Mexico,Laptop,3,1200
405,Tom Clark,UK,Headphones,3,150
406,Linda Kim,USA,Smartwatch,3,250
407,Laura Scott,Mexico,Laptop,1,1200
408,Ana Martinez,USA,Laptop,1,1200
409,Laura Scott,Mexico,Tablet,1,500
410,Sara Lee,Mexico,Headphones,2,150
411,James Wilson,Mexico,Smartwatch,2,250
412,James Wilson,UK,Headphones,2,150
413,Laura Scott,Spain,Headphones,1,150
414,Sophie Turner,USA,Laptop,2,1200
415,Laura Scott,USA,Smartwatch,1,250
416,Daniel Evans,Canada,Smartphone,3,800
417,Emily White,Canada,Headphones,1,150
418,Linda Kim,Australia,Headphones,3,150
419,Alex Brown,Australia,Headphones,3,150
420,Sophie Turner,Canada,Headphones,2,150
421,Alex Brown,Mexico,Tablet,3,500
422,Robert Davis,USA,Headphones,1,150
423,Emily White,UK,Smartphone,3,800
424,Linda Kim,Australia,Tablet,2,500
425,Daniel Evans,USA,Tablet,3,500
426,Daniel Evans,Mexico,Smartphone,1,800
427,James Wilson,Mexico,Tablet,1,500
428,James Wilson,Canada,Laptop,3,1200
429,Ana Martinez,USA,Laptop,3,1200
430,David Thompson,USA,Headphones,1,150
431,Maria Garcia,Mexico,Smartphone,2,800
432,Maria Garcia,UK,Laptop,2,1200
433,Chris Taylor,Australia,Smartwatch,2,250
434,Maria Garcia,Canada,Laptop,2,1200
435,Daniel Evans,Australia,Headphones,1,150
436,James Wilson,UK,Smartphone,2,800
437,David Thompson,Canada,Laptop,1,1200
438,Laura Scott,Australia,Smartwatch,3,250
439,Sara Lee,UK,Headphones,1,150
440,Linda Kim,Mexico,Smartphone,1,800
441,Sara Lee,Canada,Laptop,3,1200
442,Maria Garcia,Spain,Tablet,2,500
443,John Smith,Spain,Headphones,1,150
444,John Smith,Spain,Headphones,1,150
445,Sara Lee,Canada,Laptop,1,1200
446,Sophie Turner,Canada,Smartwatch,1,250
447,Linda Kim,Australia,Headphones,1,150
448,Laura Scott,Spain,Laptop,2,1200
449,John Smith,USA,Smartphone,1,800
450,James Wilson,Australia,Laptop,2,1200
451,Emily White,Spain,Headphones,3,150
452,Robert Davis,USA,Smartphone,3,800
453,Ana Martinez,Australia,Laptop,2,1200
454,Robert Davis,Spain,Laptop,1,1200
455,Alex Brown,Australia,Headphones,2,150
456,Sara Lee,Australia,Headphones,3,150
457,Ana Martinez,USA,Tablet,3,500
458,Emily White,Canada,Headphones,3,150
459,Sara Lee,Spain,Smartphone,2,800
460,Daniel Evans,Canada,Headphones,1,150
461,Maria Garcia,UK,Laptop,3,1200
462,Linda Kim,Mexico,Tablet,2,500
463,Robert Davis,Mexico,Tablet,1,500
464,John Smith,UK,Tablet,1,500
465,David Thompson,Spain,Smartphone,2,800
466,Daniel Evans,Spain,Tablet,2,500
467,Robert Davis,Spain,Smartphone,1,800
468,Sophie Turner,Canada,Smartphone,1,800
469,Maria Garcia,Australia,Headphones,2,150
470,Linda Kim,Mexico,Tablet,3,500
471,David Thompson,Canada,Laptop,3,1200
472,Laura Scott,Australia,Smartwatch,2,250
473,Alex Brown,Spain,Smartphone,3,800
474,Laura Scott,USA,Tablet,2,500
475,Emily White,Mexico,Smartwatch,1,250
476,Tom Clark,USA,Smartphone,2,800
477,Alex Brown,Australia,Headphones,2,150
478,Linda Kim,UK,Smartwatch,3,250
479,John Smith,Spain,Smartwatch,1,250
480,Robert Davis,Spain,Tablet,1,500
481,Chris Taylor,USA,Laptop,3,1200
482,Robert Davis,Mexico,Laptop,2,1200
483,James Wilson,Mexico,Smartphone,2,800
484,Laura Scott,Australia,Laptop,2,1200
485,Tom Clark,Australia,Smartphone,2,800
486,John Smith,Canada,Smartphone,3,800
487,Laura Scott,Canada,Tablet,2,500
488,Daniel Evans,Canada,Smartwatch,1,250
489,Sophie Turner,USA,Tablet,1,500
490,Linda Kim,Canada,Smartphone,2,800
491,Maria Garcia,Canada,Smartwatch,3,250
492,Chris Taylor,Mexico,Tablet,2,500
493,John Smith,Mexico,Tablet,3,500
494,Chris Taylor,Spain,Smartwatch,3,250
495,Emily White,Spain,Smartphone,1,800
496,Sara Lee,Australia,Tablet,2,500
497,Emily White,Australia,Laptop,2,1200
498,John Smith,Spain,Tablet,3,500
499,Daniel Evans,UK,Headphones,1,150
500,Tom Clark,Australia,Smartwatch,1,250
501,Tom Clark,Australia,Smartwatch,3,250
502,Laura Scott,Canada,Laptop,3,1200
503,Sophie Turner,Australia,Smartphone,1,800
504,John Smith,Canada,Smartwatch,1,250
505,Emily White,Spain,Headphones,3,150
506,Chris Taylor,Australia,Laptop,2,1200
507,Robert Davis,USA,Tablet,1,500
508,Ana Martinez,Canada,Laptop,3,1200
509,James Wilson,Canada,Tablet,1,500
510,Tom Clark,Spain,Headphones,1,150
511,Ana Martinez,UK,Tablet,3,500
512,Ana Martinez,Mexico,Tablet,3,500
513,James Wilson,USA,Headphones,2,150
514,Sophie Turner,USA,Smartwatch,1,250
515,Maria Garcia,Spain,Laptop,1,1200
516,Robert Davis,Mexico,Tablet,3,500
517,Emily White,UK,Headphones,1,150
518,Chris Taylor,Australia,Headphones,2,150
519,Daniel Evans,Mexico,Laptop,3,1200
520,Daniel Evans,Spain,Tablet,3,500
521,Sophie Turner,Spain,Smartwatch,3,250
522,Maria Garcia,Mexico,Laptop,3,1200
523,John Smith,Australia,Smartphone,1,800
524,James Wilson,USA,Laptop,1,1200
525,Chris Taylor,Mexico,Laptop,2,1200
526,Laura Scott,Mexico,Smartphone,3,800
527,John Smith,Spain,Headphones,1,150
528,David Thompson,UK,Smartwatch,2,250
529,Ana Martinez,Australia,Smartphone,3,800
530,Tom Clark,USA,Tablet,2,500
531,Linda Kim,UK,Smartphone,3,800
532,Chris Taylor,USA,Laptop,3,1200
533,Ana Martinez,USA,Smartphone,1,800
534,John Smith,UK,Headphones,2,150
535,David Thompson,Mexico,Tablet,1,500
536,Robert Davis,Spain,Headphones,3,150
537,Ana Martinez,Canada,Smartphone,2,800
538,Alex Brown,Canada,Smartphone,1,800
539,Sara Lee,Australia,Laptop,1,1200
540,Alex Brown,Spain,Laptop,3,1200
541,Sara Lee,Spain,Headphones,1,150
542,Daniel Evans,USA,Laptop,2,1200
543,Tom Clark,Australia,Smartphone,2,800
544,James Wilson,Canada,Tablet,3,500
545,Sara Lee,Mexico,Smartphone,2,800
546,Chris Taylor,Canada,Smartwatch,1,250
547,Maria Garcia,Canada,Headphones,1,150
548,Sophie Turner,Canada,Smartphone,1,800
549,Alex Brown,Spain,Laptop,2,1200
550,Maria Garcia,UK,Headphones,1,150
551,Maria Garcia,Australia,Laptop,1,1200
552,Sophie Turner,USA,Tablet,2,500
553,James Wilson,Australia,Smartwatch,2,250
554,Laura Scott,USA,Smartphone,1,800
555,Laura Scott,USA,Smartphone,3,800
556,Laura Scott,Australia,Tablet,3,500
557,Daniel Evans,Spain,Tablet,3,500
558,Linda Kim,UK,Headphones,1,150
559,John Smith,UK,Tablet,2,500
560,David Thompson,Mexico,Headphones,1,150
561,Daniel Evans,Australia,Laptop,2,1200
562,Sophie Turner,Canada,Laptop,2,1200
563,Emily White,Mexico,Smartwatch,1,250
564,Sophie Turner,Australia,Headphones,3,150
565,Maria Garcia,Canada,Smartwatch,1,250
566,Alex Brown,Spain,Tablet,1,500
567,James Wilson,UK,Laptop,1,1200
568,Sophie Turner,Mexico,Smartphone,1,800
569,Ana Martinez,Spain,Headphones,2,150
570,Robert Davis,Australia,Smartphone,3,800
571,Robert Davis,USA,Headphones,2,150
572,James Wilson,UK,Headphones,2,150
573,Linda Kim,USA,Smartwatch,2,250
574,Alex Brown,Canada,Smartphone,2,800
575,Tom Clark,Mexico,Tablet,2,500
576,Sophie Turner,Spain,Laptop,1,1200
577,James Wilson,UK,Headphones,3,150
578,Sara Lee,USA,Tablet,1,500
579,Laura Scott,Mexico,Tablet,3,500
580,Maria Garcia,Mexico,Headphones,2,150
581,Tom Clark,USA,Laptop,1,1200
582,Maria Garcia,Mexico,Tablet,1,500
583,Linda Kim,Spain,Smartphone,2,800
584,Emily White,USA,Headphones,1,150
585,Linda Kim,Australia,Headphones,1,150
586,Maria Garcia,Mexico,Laptop,1,1200
587,Sophie Turner,Australia,Smartwatch,2,250
588,Sophie Turner,Australia,Smartphone,2,800
589,Daniel Evans,USA,Smartphone,1,800
590,Robert Davis,USA,Tablet,1,500
591,Laura Scott,Australia,Smartphone,3,800
592,Chris Taylor,Mexico,Smartwatch,2,250
593,Alex Brown,USA,Headphones,2,150
594,John Smith,Canada,Laptop,3,1200
595,David Thompson,Canada,Smartphone,2,800
596,Maria Garcia,Spain,Laptop,2,1200
597,Alex Brown,USA,Laptop,3,1200
598,David Thompson,Australia,Headphones,2,150
599,John Smith,USA,Smartphone,3,800
600,Ana Martinez,USA,Tablet,1,500
601,Maria Garcia,Mexico,Laptop,1,1200
602,Alex Brown,UK,Tablet,3,500
603,Emily White,Mexico,Smartwatch,3,250
604,Chris Taylor,Australia,Tablet,1,500
605,Ana Martinez,USA,Smartwatch,2,250
606,Tom Clark,Spain,Headphones,1,150
607,Alex Brown,Spain,Smartwatch,1,250
608,Chris Taylor,UK,Smartphone,2,800
609,Tom Clark,Spain,Headphones,2,150
610,Sara Lee,UK,Smartwatch,3,250
611,Ana Martinez,UK,Tablet,1,500
612,Emily White,Canada,Headphones,1,150
613,Emily White,Spain,Headphones,2,150
614,Daniel Evans,Mexico,Smartphone,1,800
615,Sara Lee,UK,Smartwatch,3,250
616,Emily White,Spain,Laptop,1,1200
617,Ana Martinez,Spain,Smartphone,1,800
618,Chris Taylor,UK,Laptop,3,1200
619,Chris Taylor,Spain,Headphones,2,150
620,Linda Kim,Spain,Headphones,1,150
621,Maria Garcia,Mexico,Smartwatch,3,250
622,Linda Kim,Canada,Laptop,1,1200
623,Laura Scott,Canada,Smartwatch,1,250
624,John Smith,Mexico,Headphones,2,150
625,Linda Kim,USA,Smartwatch,2,250
626,David Thompson,Mexico,Smartphone,1,800
627,Daniel Evans,UK,Laptop,2,1200
628,Chris Taylor,Australia,Smartwatch,3,250
629,James Wilson,USA,Smartphone,2,800
630,Tom Clark,USA,Tablet,3,500
631,Laura Scott,USA,Laptop,1,1200
632,Alex Brown,Mexico,Tablet,2,500
633,Alex Brown,UK,Tablet,1,500
634,John Smith,Spain,Laptop,1,1200
635,John Smith,Mexico,Headphones,1,150
636,Robert Davis,UK,Headphones,1,150
637,Alex Brown,Canada,Laptop,1,1200
638,David Thompson,Canada,Headphones,2,150
639,Emily White,Spain,Laptop,2,1200
640,Emily White,Spain,Tablet,2,500
641,Robert Davis,Canada,Smartphone,2,800
642,David Thompson,UK,Smartwatch,2,250
643,Robert Davis,Australia,Headphones,2,150
644,David Thompson,UK,Tablet,2,500
645,Laura Scott,Australia,Smartwatch,2,250
646,Emily White,USA,Smartphone,2,800
647,Robert Davis,USA,Smartwatch,3,250
648,David Thompson,Spain,Laptop,1,1200
649,Emily White,Spain,Tablet,1,500
650,Sara Lee,USA,Laptop,1,1200
651,Daniel Evans,USA,Smartwatch,2,250
652,Daniel Evans,Canada,Smartwatch,3,250
653,Tom Clark,USA,Laptop,1,1200
654,Linda Kim,Canada,Tablet,1,500
655,Linda Kim,Australia,Laptop,3,1200
656,Ana Martinez,USA,Tablet,1,500
657,James Wilson,UK,Tablet,3,500
658,Sara Lee,USA,Smartwatch,2,250
659,Chris Taylor,USA,Smartwatch,2,250
660,James Wilson,UK,Tablet,1,500
661,Robert Davis,USA,Laptop,3,1200
662,Daniel Evans,Australia,Smartphone,1,800
663,John Smith,Canada,Smartwatch,3,250
664,David Thompson,Canada,Tablet,2,500
665,David Thompson,Spain,Headphones,3,150
666,Sophie Turner,UK,Smartphone,1,800
667,Sara Lee,USA,Tablet,1,500
668,Maria Garcia,UK,Tablet,1,500
669,James Wilson,USA,Tablet,3,500
670,Daniel Evans,Australia,Headphones,1,150
671,Linda Kim,Australia,Headphones,2,150
672,Alex Brown,Australia,Laptop,3,1200
673,Tom Clark,Spain,Headphones,2,150
674,David Thompson,Canada,Headphones,2,150
675,Tom Clark,Canada,Smartphone,2,800
676,Linda Kim,Mexico,Smartwatch,1,250
677,David Thompson,Australia,Tablet,3,500
678,Ana Martinez,Mexico,Smartphone,1,800
679,Emily White,Australia,Tablet,3,500
680,Maria Garcia,UK,Laptop,2,1200
681,James Wilson,UK,Smartphone,1,800
682,James Wilson,UK,Smartwatch,1,250
683,Maria Garcia,USA,Headphones,2,150
684,Daniel Evans,Australia,Tablet,3,500
685,David Thompson,UK,Smartphone,2,800
686,David Thompson,UK,Smartwatch,2,250
687,Sara Lee,UK,Headphones,2,150
688,Emily White,Canada,Laptop,1,1200
689,Sara Lee,USA,Laptop,3,1200
690,Maria Garcia,Spain,Smartwatch,1,250
691,Maria Garcia,USA,Smartwatch,1,250
692,Sophie Turner,Spain,Smartphone,2,800
693,Laura Scott,Mexico,Headphones,1,150
694,Linda Kim,Mexico,Tablet,1,500
695,Ana Martinez,Mexico,Laptop,1,1200
696,Emily White,Canada,Smartphone,1,800
697,Tom Clark,UK,Headphones,2,150
698,Daniel Evans,Spain,Smartphone,3,800
699,Chris Taylor,Canada,Smartwatch,2,250
700,Tom Clark,Mexico,Laptop,1,1200
701,Alex Brown,Mexico,Laptop,2,1200
702,Robert Davis,USA,Smartphone,3,800
703,Sophie Turner,UK,Laptop,3,1200
704,Chris Taylor,UK,Smartphone,2,800
705,Robert Davis,UK,Laptop,2,1200
706,Alex Brown,UK,Smartphone,3,800
707,John Smith,Australia,Smartphone,1,800
708,Robert Davis,Spain,Smartphone,3,800
709,Ana Martinez,Mexico,Headphones,3,150
710,Laura Scott,Spain,Smartphone,1,800
711,James Wilson,Australia,Smartphone,2,800
712,Ana Martinez,Spain,Laptop,2,1200
713,John Smith,Canada,Laptop,1,1200
714,Daniel Evans,UK,Headphones,2,150
715,Maria Garcia,Canada,Smartwatch,2,250
716,Robert Davis,Canada,Laptop,1,1200
717,Tom Clark,USA,Headphones,2,150
718,Alex Brown,UK,Smartphone,3,800
719,Laura Scott,Spain,Smartwatch,2,250
720,Maria Garcia,Australia,Laptop,3,1200
721,Tom Clark,Canada,Headphones,3,150
722,John Smith,Mexico,Tablet,2,500
723,Maria Garcia,Canada,Smartwatch,1,250
724,Ana Martinez,Australia,Smartwatch,3,250
725,Robert Davis,Canada,Smartphone,2,800
726,Tom Clark,Spain,Laptop,1,1200
727,Maria Garcia,Mexico,Laptop,1,1200
728,Ana Martinez,Australia,Smartwatch,1,250
729,John Smith,Spain,Headphones,1,150
730,Linda Kim,UK,Laptop,3,1200
731,Ana Martinez,USA,Smartwatch,1,250
732,Robert Davis,Australia,Smartphone,2,800
733,Alex Brown,Canada,Tablet,2,500
734,Sara Lee,UK,Laptop,3,1200
735,Ana Martinez,Canada,Headphones,1,150
736,Linda Kim,Spain,Smartphone,2,800
737,James Wilson,Canada,Laptop,3,1200
738,Tom Clark,Canada,Headphones,2,150
739,Linda Kim,Australia,Smartphone,3,800
740,Alex Brown,Australia,Smartphone,3,800
741,Laura Scott,USA,Smartphone,3,800
742,Sophie Turner,USA,Headphones,1,150
743,Robert Davis,USA,Tablet,2,500
744,David Thompson,USA,Smartwatch,1,250
745,Sara Lee,Mexico,Tablet,3,500
746,Robert Davis,Australia,Smartwatch,2,250
747,Tom Clark,Canada,Smartwatch,1,250
748,Emily White,Spain,Headphones,2,150
749,Daniel Evans,Australia,Headphones,3,150
750,Sara Lee,Canada,Laptop,2,1200
751,Linda Kim,UK,Tablet,2,500
752,Robert Davis,Australia,Smartphone,1,800
753,Sara Lee,USA,Headphones,2,150
754,Linda Kim,Australia,Smartphone,3,800
755,Emily White,Australia,Smartwatch,2,250
756,Maria Garcia,Canada,Tablet,3,500
757,John Smith,USA,Headphones,3,150
758,Ana Martinez,Australia,Headphones,2,150
759,Ana Martinez,Mexico,Headphones,1,150
760,Ana Martinez,Spain,Laptop,3,1200
761,Linda Kim,Canada,Tablet,3,500
762,Ana Martinez,Australia,Laptop,2,1200
763,Sophie Turner,UK,Smartwatch,3,250
764,Sara Lee,Australia,Smartphone,1,800
765,Emily White,Australia,Smartphone,3,800
766,John Smith,Mexico,Headphones,3,150
767,Laura Scott,Spain,Laptop,1,1200
768,Linda Kim,Mexico,Laptop,2,1200
769,Alex Brown,UK,Laptop,1,1200
770,John Smith,Mexico,Tablet,3,500
771,Tom Clark,Spain,Headphones,2,150
772,Emily White,Spain,Headphones,3,150
773,Tom Clark,Canada,Tablet,1,500
774,James Wilson,Spain,Tablet,3,500
775,John Smith,Australia,Smartwatch,3,250
776,Maria Garcia,Spain,Smartwatch,1,250
777,Chris Taylor,Spain,Smartwatch,1,250
778,Laura Scott,Mexico,Smartwatch,3,250
779,Emily White,USA,Smartwatch,3,250
780,Maria Garcia,Spain,Headphones,3,150
781,Linda Kim,UK,Tablet,1,500
782,James Wilson,Australia,Smartphone,3,800
783,James Wilson,Mexico,Headphones,1,150
784,Ana Martinez,USA,Smartwatch,3,250
785,Chris Taylor,Spain,Laptop,3,1200
786,Daniel Evans,USA,Laptop,2,1200
787,Tom Clark,UK,Headphones,2,150
788,Sara Lee,USA,Laptop,1,1200
789,Maria Garcia,Mexico,Tablet,1,500
790,John Smith,Spain,Headphones,3,150
791,John Smith,UK,Headphones,1,150
792,Alex Brown,Spain,Smartwatch,2,250
793,James Wilson,UK,Headphones,3,150
794,Laura Scott,Spain,Headphones,1,150
795,John Smith,Spain,Headphones,2,150
796,Tom Clark,USA,Smartphone,1,800
797,Laura Scott,UK,Smartwatch,1,250
798,Chris Taylor,USA,Smartwatch,2,250
799,Sara Lee,Spain,Headphones,1,150
800,Tom Clark,UK,Smartwatch,1,250
801,Daniel Evans,Mexico,Smartphone,2,800
802,Sara Lee,Australia,Smartphone,2,800
803,Sophie Turner,Australia,Laptop,1,1200
804,David Thompson,Canada,Tablet,3,500
805,Emily White,Australia,Smartwatch,3,250
806,Tom Clark,Australia,Tablet,1,500
807,John Smith,Canada,Smartwatch,1,250
808,Emily White,Canada,Tablet,3,500
809,Ana Martinez,USA,Smartphone,2,800
810,Sophie Turner,Mexico,Headphones,3,150
811,Alex Brown,Mexico,Smartwatch,1,250
812,Linda Kim,USA,Smartwatch,3,250
813,John Smith,Spain,Smartphone,2,800
814,Maria Garcia,USA,Tablet,1,500
815,John Smith,Mexico,Headphones,3,150
816,Tom Clark,Mexico,Smartwatch,1,250
817,Chris Taylor,Spain,Tablet,2,500
818,Chris Taylor,Spain,Headphones,1,150
819,Laura Scott,Canada,Smartwatch,1,250
820,Laura Scott,USA,Smartwatch,2,250
821,Alex Brown,Canada,Smartphone,1,800
822,Linda Kim,Canada,Laptop,1,1200
823,Maria Garcia,Canada,Laptop,2,1200
824,James Wilson,Canada,Tablet,1,500
825,Daniel Evans,Australia,Tablet,1,500
826,Chris Taylor,UK,Headphones,1,150
827,Daniel Evans,Spain,Smartphone,3,800
828,Robert Davis,USA,Headphones,2,150
829,James Wilson,Mexico,Smartphone,2,800
830,Daniel Evans,Australia,Laptop,2,1200
831,Tom Clark,UK,Tablet,1,500
832,David Thompson,USA,Smartphone,3,800
833,Linda Kim,USA,Tablet,3,500
834,John Smith,Canada,Laptop,2,1200
835,Chris Taylor,USA,Smartphone,2,800
836,Robert Davis,UK,Smartwatch,3,250
837,Ana Martinez,UK,Smartwatch,3,250
838,David Thompson,Canada,Laptop,3,1200
839,Chris Taylor,USA,Smartwatch,3,250
840,Linda Kim,Mexico,Smartwatch,2,250
841,Ana Martinez,Canada,Headphones,3,150
842,David Thompson,Spain,Smartwatch,1,250
843,Linda Kim,Canada,Headphones,1,150
844,James Wilson,Mexico,Tablet,1,500
845,Daniel Evans,Mexico,Laptop,3,1200
846,James Wilson,UK,Smartwatch,2,250
847,David Thompson,Canada,Smartwatch,2,250
848,Linda Kim,Australia,Laptop,2,1200
849,Chris Taylor,USA,Headphones,1,150
850,Laura Scott,Canada,Tablet,2,500
851,Robert Davis,Australia,Smartphone,1,800
852,James Wilson,Australia,Tablet,2,500
853,Tom Clark,Canada,Headphones,3,150
854,Tom Clark,Mexico,Tablet,1,500
855,Maria Garcia,Spain,Tablet,2,500
856,Tom Clark,Canada,Smartphone,1,800
857,Daniel Evans,Australia,Tablet,3,500
858,Sara Lee,Mexico,Smartphone,2,800
859,Linda Kim,UK,Laptop,3,1200
860,Robert Davis,Canada,Smartphone,2,800
861,Emily White,Australia,Headphones,3,150
862,Robert Davis,Spain,Laptop,2,1200
863,Daniel Evans,Canada,Headphones,1,150
864,John Smith,Mexico,Laptop,2,1200
865,Tom Clark,USA,Headphones,1,150
866,Chris Taylor,Australia,Smartphone,3,800
867,John Smith,Australia,Laptop,1,1200
868,Chris Taylor,Spain,Laptop,1,1200
869,Linda Kim,Australia,Smartphone,1,800
870,Maria Garcia,Spain,Headphones,1,150
871,Emily White,Canada,Tablet,2,500
872,Linda Kim,Spain,Smartwatch,1,250
873,Emily White,Mexico,Laptop,2,1200
874,Robert Davis,USA,Smartphone,1,800
875,Maria Garcia,USA,Smartphone,2,800
876,Emily White,UK,Smartwatch,2,250
877,Sophie Turner,Canada,Laptop,1,1200
878,Tom Clark,Mexico,Tablet,3,500
879,Chris Taylor,UK,Tablet,3,500
880,Linda Kim,Spain,Headphones,1,150
881,James Wilson,Mexico,Headphones,3,150
882,James Wilson,Canada,Smartwatch,1,250
883,Alex Brown,Australia,Smartwatch,3,250
884,Robert Davis,Spain,Smartphone,1,800
885,James Wilson,UK,Laptop,3,1200
886,Tom Clark,Australia,Headphones,3,150
887,John Smith,UK,Headphones,1,150
888,Sophie Turner,USA,Tablet,3,500
889,Daniel Evans,Mexico,Smartphone,2,800
890,Robert Davis,Australia,Headphones,2,150
891,Robert Davis,Australia,Headphones,2,150
892,Daniel Evans,UK,Tablet,2,500
893,Robert Davis,Spain,Smartphone,2,800
894,Chris Taylor,Mexico,Smartwatch,3,250
895,Tom Clark,Canada,Smartwatch,1,250
896,Sophie Turner,Australia,Laptop,2,1200
897,Linda Kim,Mexico,Smartwatch,2,250
898,Emily White,Canada,Smartwatch,3,250
899,Sara Lee,Canada,Laptop,1,1200
900,John Smith,Mexico,Smartwatch,2,250
901,Maria Garcia,Canada,Smartphone,3,800
902,John Smith,Australia,Smartphone,1,800
903,Alex Brown,UK,Smartwatch,3,250
904,Alex Brown,USA,Headphones,3,150
905,Emily White,USA,Smartphone,1,800
906,Robert Davis,Mexico,Smartwatch,1,250
907,Emily White,USA,Tablet,1,500
908,Robert Davis,Canada,Laptop,3,1200
909,Linda Kim,Mexico,Laptop,3,1200
910,Robert Davis,Spain,Smartphone,1,800
911,Sophie Turner,Spain,Tablet,1,500
912,Maria Garcia,Spain,Laptop,1,1200
913,Robert Davis,Spain,Tablet,3,500
914,Daniel Evans,USA,Tablet,3,500
915,Sara Lee,Spain,Headphones,1,150
916,Sophie Turner,UK,Headphones,3,150
917,Maria Garcia,Australia,Headphones,3,150
918,Chris Taylor,Australia,Smartwatch,3,250
919,Ana Martinez,Spain,Headphones,2,150
920,John Smith,Canada,Laptop,2,1200
921,Tom Clark,UK,Headphones,1,150
922,Daniel Evans,Mexico,Smartphone,2,800
923,Linda Kim,USA,Smartwatch,3,250
924,Chris Taylor,Mexico,Smartwatch,3,250
925,John Smith,Spain,Smartphone,1,800
926,James Wilson,Mexico,Smartwatch,3,250
927,Alex Brown,Mexico,Smartphone,1,800
928,Sophie Turner,Australia,Laptop,2,1200
929,Robert Davis,USA,Tablet,2,500
930,Maria Garcia,Mexico,Smartwatch,1,250
931,Maria Garcia,Mexico,Smartwatch,3,250
932,John Smith,Mexico,Smartphone,3,800
933,Emily White,Mexico,Headphones,1,150
934,Ana Martinez,UK,Smartwatch,1,250
935,James Wilson,Canada,Smartwatch,1,250
936,David Thompson,UK,Headphones,1,150
937,Daniel Evans,Mexico,Headphones,1,150
938,Ana Martinez,Canada,Smartwatch,1,250
939,Maria Garcia,Mexico,Headphones,1,150
940,Chris Taylor,Mexico,Headphones,1,150
941,James Wilson,USA,Smartphone,2,800
942,Alex Brown,USA,Laptop,1,1200
943,John Smith,USA,Smartphone,3,800
944,John Smith,Canada,Tablet,2,500
945,Maria Garcia,USA,Tablet,1,500
946,Linda Kim,USA,Smartwatch,3,250
947,Maria Garcia,Canada,Headphones,3,150
948,Emily White,Mexico,Laptop,1,1200
949,Linda Kim,USA,Tablet,2,500
950,Linda Kim,Australia,Tablet,3,500
951,Linda Kim,Mexico,Tablet,2,500
952,Tom Clark,USA,Tablet,1,500
953,Emily White,USA,Headphones,2,150
954,Emily White,Canada,Smartwatch,3,250
955,Chris Taylor,UK,Smartwatch,3,250
956,David Thompson,USA,Smartphone,1,800
957,Laura Scott,Australia,Smartwatch,1,250
958,Emily White,Spain,Headphones,3,150
959,Emily White,Mexico,Headphones,2,150
960,John Smith,Mexico,Laptop,3,1200
961,Tom Clark,UK,Smartphone,1,800
962,David Thompson,Mexico,Tablet,3,500
963,Sophie Turner,Australia,Smartwatch,2,250
964,Sophie Turner,USA,Smartphone,3,800
965,Daniel Evans,Spain,Tablet,3,500
966,Alex Brown,Canada,Smartphone,1,800
967,Maria Garcia,Mexico,Tablet,3,500
968,David Thompson,USA,Smartwatch,1,250
969,Laura Scott,Mexico,Tablet,3,500
970,John Smith,Spain,Smartwatch,2,250
971,James Wilson,USA,Tablet,3,500
972,James Wilson,USA,Headphones,1,150
973,Ana Martinez,USA,Tablet,1,500
974,Chris Taylor,Mexico,Headphones,1,150
975,Emily White,Mexico,Smartphone,2,800
976,Laura Scott,Australia,Tablet,1,500
977,John Smith,USA,Headphones,3,150
978,Alex Brown,Mexico,Headphones,3,150
979,Ana Martinez,Canada,Laptop,1,1200
980,Sara Lee,UK,Smartphone,2,800
981,Emily White,USA,Smartphone,2,800
982,Emily White,USA,Smartphone,3,800
983,Maria Garcia,Spain,Tablet,3,500
984,James Wilson,UK,Smartwatch,3,250
985,Emily White,Canada,Headphones,3,150
986,David Thompson,USA,Headphones,2,150
987,Sara Lee,Mexico,Smartphone,2,800
988,Sara Lee,Mexico,Smartphone,3,800
989,Maria Garcia,UK,Smartwatch,2,250
990,Sophie Turner,Canada,Laptop,2,1200
991,David Thompson,Spain,Headphones,3,150
992,Ana Martinez,Mexico,Laptop,1,1200
993,Robert Davis,UK,Smartphone,2,800
994,Laura Scott,Canada,Tablet,1,500
995,Daniel Evans,Canada,Smartphone,3,800
996,Alex Brown,UK,Laptop,3,1200
997,Laura Scott,Spain,Laptop,2,1200
998,Maria Garcia,Canada,Smartphone,2,800
999,Daniel Evans,Spain,Smartwatch,3,250
1000,David Thompson,Mexico,Laptop,3,1200
1001,Sophie Turner,Australia,Tablet,3,500
1002,Linda Kim,UK,Smartphone,3,800
1003,Chris Taylor,Mexico,Smartphone,1,800
1004,Alex Brown,Spain,Headphones,2,150
1005,David Thompson,Canada,Tablet,1,500
1006,Laura Scott,Canada,Laptop,1,1200
1007,Emily White,UK,Laptop,2,1200
1008,Sophie Turner,UK,Headphones,1,150
1009,Daniel Evans,Canada,Headphones,2,150
1010,Chris Taylor,Australia,Smartphone,3,800
1011,Daniel Evans,Canada,Smartwatch,1,250
1012,Maria Garcia,Canada,Smartphone,1,800
1013,James Wilson,USA,Headphones,1,150
1014,Laura Scott,USA,Laptop,1,1200
1015,Ana Martinez,Spain,Smartwatch,1,250
1016,Robert Davis,USA,Smartwatch,1,250
1017,Alex Brown,Canada,Smartphone,2,800
1018,Laura Scott,Spain,Tablet,2,500
1019,Daniel Evans,Mexico,Smartphone,3,800
1020,Linda Kim,USA,Tablet,2,500
1021,Tom Clark,UK,Smartphone,2,800
1022,Alex Brown,Australia,Smartwatch,1,250
1023,David Thompson,Spain,Laptop,2,1200
1024,Daniel Evans,USA,Headphones,3,150
1025,Ana Martinez,Canada,Smartwatch,1,250
1026,Chris Taylor,USA,Smartwatch,1,250
1027,Daniel Evans,UK,Tablet,1,500
1028,Linda Kim,Australia,Headphones,3,150
1029,Tom Clark,Australia,Smartwatch,2,250
1030,John Smith,Mexico,Headphones,3,150
1031,Tom Clark,UK,Headphones,1,150
1032,Emily White,Australia,Smartphone,3,800
1033,Robert Davis,Australia,Tablet,2,500
1034,Daniel Evans,Canada,Laptop,2,1200
1035,Emily White,Spain,Smartwatch,1,250
1036,David Thompson,UK,Smartphone,1,800
1037,Maria Garcia,Spain,Headphones,1,150
1038,Sophie Turner,Spain,Headphones,1,150
1039,Chris Taylor,UK,Smartwatch,3,250
1040,Linda Kim,USA,Laptop,2,1200
1041,Maria Garcia,Mexico,Headphones,1,150
1042,Sara Lee,Spain,Headphones,1,150
1043,Sophie Turner,Spain,Laptop,3,1200
1044,Laura Scott,UK,Tablet,2,500
1045,Laura Scott,UK,Smartphone,2,800
1046,Ana Martinez,USA,Smartphone,3,800
1047,David Thompson,USA,Smartwatch,2,250
1048,John Smith,Spain,Laptop,2,1200
1049,Sophie Turner,Mexico,Laptop,1,1200
1050,Ana Martinez,USA,Smartwatch,3,250
1051,Daniel Evans,UK,Tablet,2,500
1052,Alex Brown,Mexico,Headphones,2,150
1053,Chris Taylor,Mexico,Smartwatch,3,250
1054,Maria Garcia,USA,Laptop,1,1200
1055,Chris Taylor,Mexico,Tablet,2,500
1056,Chris Taylor,Mexico,Smartwatch,2,250
1057,Sara Lee,UK,Laptop,2,1200
1058,Robert Davis,Canada,Laptop,1,1200
1059,Alex Brown,Australia,Tablet,1,500
1060,Tom Clark,Australia,Headphones,2,150
1061,David Thompson,Canada,Laptop,2,1200
1062,Daniel Evans,Australia,Smartwatch,1,250
1063,John Smith,Mexico,Laptop,3,1200
1064,Sophie Turner,UK,Tablet,1,500
1065,Laura Scott,UK,Headphones,1,150
1066,John Smith,Canada,Headphones,1,150
1067,James Wilson,Australia,Smartphone,2,800
1068,James Wilson,Australia,Tablet,2,500
1069,John Smith,UK,Laptop,2,1200
1070,Maria Garcia,UK,Tablet,3,500
1071,Sophie Turner,USA,Smartphone,2,800
1072,Daniel Evans,Canada,Laptop,2,1200
1073,David Thompson,Spain,Laptop,1,1200
1074,Tom Clark,UK,Smartphone,1,800
1075,James Wilson,UK,Smartphone,1,800
1076,Ana Martinez,UK,Tablet,1,500
1077,Daniel Evans,Spain,Laptop,2,1200
1078,Maria Garcia,UK,Smartphone,3,800
1079,Linda Kim,Canada,Headphones,2,150
1080,Daniel Evans,Canada,Laptop,2,1200
1081,Emily White,Australia,Headphones,1,150
1082,John Smith,Spain,Headphones,3,150
1083,David Thompson,Canada,Smartphone,3,800
1084,John Smith,USA,Smartphone,1,800
1085,Emily White,UK,Smartwatch,1,250
1086,Maria Garcia,Australia,Smartphone,2,800
1087,Sara Lee,USA,Headphones,1,150
1088,David Thompson,USA,Laptop,1,1200
1089,Daniel Evans,UK,Headphones,2,150
1090,John Smith,Mexico,Smartphone,2,800
1091,John Smith,Mexico,Headphones,1,150
1092,Sara Lee,UK,Tablet,2,500
1093,Tom Clark,Spain,Headphones,2,150
1094,John Smith,UK,Laptop,1,1200
1095,Ana Martinez,Mexico,Headphones,3,150
1096,Linda Kim,Canada,Headphones,1,150
1097,Ana Martinez,Spain,Headphones,1,150
1098,David Thompson,UK,Smartwatch,1,250
1099,Laura Scott,Canada,Smartphone,1,800
1100,David Thompson,UK,Smartphone,2,800
1101,Tom Clark,Spain,Smartwatch,3,250
1102,Linda Kim,Spain,Laptop,1,1200
1103,Alex Brown,USA,Headphones,1,150
1104,John Smith,UK,Laptop,1,1200
1105,Sara Lee,Spain,Tablet,2,500
1106,Emily White,UK,Smartwatch,2,250
1107,Ana Martinez,Canada,Tablet,2,500
1108,Laura Scott,Australia,Tablet,1,500
1109,Tom Clark,Canada,Laptop,2,1200
1110,Chris Taylor,UK,Headphones,2,150
1111,Robert Davis,USA,Tablet,1,500
1112,Sara Lee,UK,Smartphone,3,800
1113,Daniel Evans,Australia,Smartphone,1,800
1114,Daniel Evans,Australia,Smartwatch,2,250
1115,Laura Scott,Mexico,Smartphone,1,800
1116,Sophie Turner,Mexico,Tablet,2,500
1117,Sophie Turner,Spain,Laptop,3,1200
1118,Tom Clark,Mexico,Headphones,2,150
1119,John Smith,Spain,Headphones,1,150
1120,Alex Brown,Canada,Headphones,2,150
1121,Linda Kim,Mexico,Headphones,1,150
1122,Laura Scott,Spain,Smartphone,1,800
1123,Robert Davis,Mexico,Tablet,3,500
1124,David Thompson,Canada,Laptop,2,1200
1125,Tom Clark,Spain,Headphones,1,150
1126,Chris Taylor,USA,Tablet,1,500
1127,Emily White,UK,Headphones,2,150
1128,Emily White,Australia,Smartphone,2,800
1129,Ana Martinez,Canada,Tablet,1,500
1130,Tom Clark,USA,Laptop,3,1200
1131,Robert Davis,Australia,Tablet,3,500
1132,Emily White,Mexico,Headphones,2,150
1133,Daniel Evans,Spain,Tablet,2,500
1134,David Thompson,UK,Laptop,3,1200
1135,Emily White,USA,Tablet,1,500
1136,David Thompson,USA,Tablet,2,500
1137,Sara Lee,UK,Smartwatch,1,250
1138,Sara Lee,USA,Headphones,2,150
1139,Ana Martinez,USA,Smartwatch,1,250
1140,Tom Clark,Canada,Laptop,3,1200
1141,Linda Kim,USA,Smartwatch,2,250
1142,James Wilson,USA,Headphones,2,150
1143,Emily White,Mexico,Laptop,1,1200
1144,Chris Taylor,USA,Tablet,1,500
1145,John Smith,USA,Smartwatch,1,250
1146,Ana Martinez,UK,Smartphone,1,800
1147,David Thompson,Canada,Tablet,1,500
1148,Alex Brown,Spain,Smartphone,1,800
1149,Sara Lee,Australia,Headphones,2,150
1150,Sophie Turner,Spain,Laptop,3,1200
1151,Daniel Evans,Australia,Tablet,1,500
1152,James Wilson,Australia,Laptop,3,1200
1153,Emily White,Australia,Smartphone,1,800
1154,John Smith,Mexico,Smartphone,2,800
1155,Laura Scott,Mexico,Smartphone,3,800
1156,David Thompson,UK,Laptop,1,1200
1157,Daniel Evans,Spain,Smartwatch,1,250
1158,Laura Scott,Mexico,Smartphone,1,800
1159,David Thompson,Mexico,Smartphone,3,800
1160,Emily White,USA,Headphones,3,150
1161,John Smith,Spain,Headphones,3,150
1162,Daniel Evans,Spain,Laptop,3,1200
1163,Maria Garcia,Canada,Headphones,1,150
1164,James Wilson,UK,Smartphone,3,800
1165,Chris Taylor,Spain,Headphones,3,150
1166,Laura Scott,UK,Smartphone,3,800
1167,Tom Clark,Spain,Laptop,2,1200
1168,Sophie Turner,Spain,Smartphone,3,800
1169,John Smith,Australia,Smartwatch,2,250
1170,Ana Martinez,Spain,Smartwatch,2,250
1171,Emily White,Mexico,Tablet,1,500
1172,Robert Davis,Canada,Smartwatch,3,250
1173,Robert Davis,Spain,Smartwatch,1,250
1174,Laura Scott,USA,Smartphone,1,800
1175,Linda Kim,USA,Smartphone,3,800
1176,Emily White,Mexico,Headphones,1,150
1177,Tom Clark,USA,Smartphone,1,800
1178,Alex Brown,USA,Laptop,2,1200
1179,Sara Lee,Australia,Headphones,2,150
1180,Daniel Evans,Australia,Tablet,1,500
1181,Robert Davis,Canada,Smartphone,1,800
1182,Maria Garcia,USA,Tablet,2,500
1183,Laura Scott,USA,Tablet,1,500
1184,Daniel Evans,USA,Laptop,1,1200
1185,Laura Scott,Australia,Smartwatch,3,250
1186,Ana Martinez,Spain,Laptop,1,1200
1187,Laura Scott,Canada,Smartphone,2,800
1188,Daniel Evans,Australia,Smartphone,2,800
1189,Daniel Evans,UK,Headphones,2,150
1190,Tom Clark,Canada,Tablet,3,500
1191,James Wilson,UK,Laptop,3,1200
1192,Alex Brown,Australia,Smartphone,3,800
1193,Sara Lee,Canada,Tablet,1,500
1194,Daniel Evans,UK,Tablet,3,500
1195,David Thompson,Mexico,Smartwatch,3,250
1196,Linda Kim,Canada,Headphones,1,150
1197,Sophie Turner,Australia,Smartwatch,3,250
1198,Sophie Turner,Mexico,Smartphone,2,800
1199,Sophie Turner,UK,Smartphone,1,800
1200,Chris Taylor,Spain,Tablet,3,500
1201,Chris Taylor,UK,Headphones,3,150
1202,Tom Clark,USA,Laptop,3,1200
1203,Alex Brown,USA,Smartwatch,3,250
1204,Robert Davis,USA,Tablet,3,500
1205,Ana Martinez,USA,Smartphone,2,800
1206,Sara Lee,Australia,Headphones,2,150
1207,Laura Scott,UK,Smartphone,3,800
1208,Daniel Evans,Mexico,Laptop,3,1200
1209,Ana Martinez,USA,Tablet,1,500
1210,Sophie Turner,Mexico,Laptop,2,1200
1211,Alex Brown,USA,Tablet,1,500
1212,Laura Scott,USA,Smartphone,1,800
1213,Alex Brown,UK,Laptop,3,1200
1214,Laura Scott,Australia,Tablet,2,500
1215,Sophie Turner,Australia,Laptop,3,1200
1216,Sophie Turner,Spain,Headphones,1,150
1217,John Smith,Mexico,Headphones,2,150
1218,Sara Lee,UK,Laptop,2,1200
1219,Sara Lee,Mexico,Smartwatch,2,250
1220,Daniel Evans,Australia,Laptop,2,1200
1221,Alex Brown,Spain,Smartwatch,3,250
1222,Robert Davis,Mexico,Smartwatch,3,250
1223,Linda Kim,Spain,Tablet,1,500
1224,John Smith,Australia,Laptop,2,1200
1225,Emily White,Australia,Smartwatch,2,250
1226,Maria Garcia,Australia,Laptop,3,1200
1227,David Thompson,Australia,Laptop,2,1200
1228,Sophie Turner,Spain,Headphones,1,150
1229,Sara Lee,USA,Smartphone,3,800
1230,Emily White,Canada,Smartwatch,2,250
1231,Daniel Evans,Canada,Headphones,1,150
1232,Alex Brown,UK,Headphones,2,150
1233,Maria Garcia,Australia,Smartwatch,3,250
1234,Chris Taylor,UK,Tablet,3,500
1235,Sophie Turner,Australia,Headphones,2,150
1236,James Wilson,USA,Tablet,1,500
1237,John Smith,Australia,Laptop,3,1200
1238,Chris Taylor,Australia,Smartwatch,1,250
1239,Laura Scott,Mexico,Smartphone,1,800
1240,Sara Lee,Spain,Tablet,2,500
1241,Laura Scott,Australia,Tablet,2,500
1242,Sophie Turner,Spain,Laptop,3,1200
1243,Chris Taylor,Australia,Laptop,3,1200
1244,Daniel Evans,Australia,Tablet,3,500
1245,Maria Garcia,Mexico,Smartwatch,3,250
1246,Robert Davis,Spain,Headphones,3,150
1247,Robert Davis,UK,Smartwatch,1,250
1248,Sara Lee,USA,Headphones,3,150
1249,Sophie Turner,Spain,Smartphone,2,800
1250,Maria Garcia,USA,Smartphone,3,800
1251,Maria Garcia,USA,Smartwatch,1,250
1252,Emily White,UK,Tablet,3,500
1253,Daniel Evans,USA,Laptop,1,1200
1254,Sophie Turner,Australia,Headphones,1,150
1255,Robert Davis,Australia,Smartphone,1,800
1256,David Thompson,UK,Laptop,2,1200
1257,Sara Lee,Canada,Smartwatch,2,250
1258,Tom Clark,USA,Smartwatch,3,250
1259,Sara Lee,UK,Laptop,3,1200
1260,Sophie Turner,Australia,Laptop,3,1200
1261,Emily White,Australia,Smartphone,3,800
1262,David Thompson,Canada,Smartwatch,2,250
1263,Linda Kim,UK,Tablet,3,500
1264,Emily White,Mexico,Smartphone,1,800
1265,John Smith,Canada,Smartwatch,2,250
1266,Robert Davis,Spain,Laptop,2,1200
1267,Robert Davis,USA,Headphones,2,150
1268,Laura Scott,UK,Headphones,3,150
1269,Maria Garcia,UK,Laptop,3,1200
1270,Sara Lee,Canada,Smartwatch,1,250
1271,Daniel Evans,Canada,Laptop,2,1200
1272,Ana Martinez,Canada,Smartphone,2,800
1273,David Thompson,Mexico,Laptop,1,1200
1274,Daniel Evans,Mexico,Headphones,1,150
1275,Linda Kim,Canada,Smartwatch,1,250
1276,John Smith,Mexico,Tablet,2,500
1277,Chris Taylor,USA,Headphones,2,150
1278,Laura Scott,Spain,Smartphone,2,800
1279,Laura Scott,Canada,Smartphone,2,800
1280,Ana Martinez,Australia,Headphones,3,150
1281,John Smith,UK,Smartwatch,1,250
1282,Emily White,Australia,Laptop,3,1200
1283,Daniel Evans,Canada,Headphones,1,150
1284,Daniel Evans,Australia,Tablet,1,500
1285,Robert Davis,Australia,Tablet,1,500
1286,Alex Brown,USA,Smartwatch,3,250
1287,Robert Davis,UK,Tablet,1,500
1288,Maria Garcia,Spain,Tablet,1,500
1289,Chris Taylor,Mexico,Laptop,2,1200
1290,Chris Taylor,USA,Headphones,3,150
1291,Alex Brown,Canada,Smartphone,3,800
1292,Alex Brown,UK,Smartphone,2,800
1293,Alex Brown,Spain,Smartwatch,2,250
1294,John Smith,Canada,Smartphone,1,800
1295,Maria Garcia,Australia,Smartwatch,1,250
1296,Tom Clark,Australia,Laptop,1,1200
1297,Chris Taylor,USA,Laptop,3,1200
1298,David Thompson,UK,Tablet,3,500
1299,Daniel Evans,Canada,Headphones,3,150
1300,Ana Martinez,Spain,Headphones,2,150
1301,Maria Garcia,Spain,Laptop,2,1200
1302,Daniel Evans,Canada,Tablet,1,500
1303,David Thompson,Spain,Smartphone,3,800
1304,John Smith,Canada,Tablet,1,500
1305,John Smith,UK,Tablet,3,500
1306,Robert Davis,UK,Smartphone,3,800
1307,John Smith,Canada,Headphones,1,150
1308,Linda Kim,UK,Laptop,3,1200
1309,Emily White,UK,Tablet,1,500
1310,Robert Davis,Mexico,Laptop,2,1200
1311,James Wilson,UK,Smartwatch,2,250
1312,Sophie Turner,UK,Tablet,3,500
1313,Linda Kim,UK,Headphones,1,150
1314,Laura Scott,Spain,Smartphone,1,800
1315,Ana Martinez,Australia,Laptop,3,1200
1316,Sophie Turner,USA,Headphones,1,150
1317,Sophie Turner,Spain,Headphones,2,150
1318,Emily White,Australia,Smartphone,1,800
1319,Alex Brown,Mexico,Smartwatch,2,250
1320,Alex Brown,Canada,Smartphone,1,800
1321,Ana Martinez,Spain,Tablet,3,500
1322,Linda Kim,USA,Tablet,1,500
1323,Linda Kim,USA,Tablet,2,500
1324,Chris Taylor,Mexico,Smartphone,1,800
1325,Maria Garcia,Canada,Headphones,1,150
1326,Ana Martinez,Canada,Smartphone,1,800
1327,Sophie Turner,Mexico,Tablet,2,500
1328,Sophie Turner,Canada,Smartphone,2,800
1329,Chris Taylor,Australia,Laptop,2,1200
1330,Tom Clark,UK,Smartwatch,3,250
1331,Maria Garcia,Australia,Smartwatch,1,250
1332,Daniel Evans,Spain,Tablet,2,500
1333,Chris Taylor,UK,Tablet,3,500
1334,Alex Brown,Australia,Laptop,3,1200
1335,Laura Scott,UK,Smartwatch,3,250
1336,John Smith,USA,Smartwatch,3,250
1337,Maria Garcia,Australia,Smartphone,2,800
1338,Daniel Evans,Canada,Headphones,1,150
1339,Maria Garcia,UK,Tablet,1,500
1340,Robert Davis,Spain,Smartphone,1,800
1341,David Thompson,UK,Smartphone,2,800
1342,Daniel Evans,Spain,Headphones,1,150
1343,Laura Scott,Mexico,Laptop,3,1200
1344,Emily White,UK,Tablet,3,500
1345,Emily White,UK,Smartphone,3,800
1346,Tom Clark,Mexico,Headphones,2,150
1347,Linda Kim,Mexico,Headphones,2,150
1348,Daniel Evans,UK,Laptop,3,1200
1349,James Wilson,UK,Laptop,3,1200
1350,Daniel Evans,Canada,Tablet,2,500
1351,Emily White,Australia,Laptop,2,1200
1352,Maria Garcia,Mexico,Tablet,1,500
1353,Linda Kim,USA,Tablet,3,500
1354,Ana Martinez,Canada,Smartwatch,3,250
1355,Daniel Evans,UK,Laptop,3,1200
1356,Alex Brown,USA,Laptop,1,1200
1357,David Thompson,Spain,Tablet,2,500
1358,David Thompson,Spain,Headphones,2,150
1359,James Wilson,Canada,Smartwatch,1,250
1360,Laura Scott,Canada,Smartwatch,1,250
1361,James Wilson,Spain,Smartphone,3,800
1362,Robert Davis,USA,Headphones,1,150
1363,John Smith,Canada,Headphones,2,150
1364,Ana Martinez,Spain,Smartphone,3,800
1365,David Thompson,Spain,Laptop,3,1200
1366,James Wilson,Australia,Smartphone,1,800
1367,Emily White,USA,Smartwatch,2,250
1368,Laura Scott,Spain,Smartwatch,3,250
1369,Linda Kim,Spain,Smartphone,1,800
1370,Linda Kim,USA,Tablet,3,500
1371,Chris Taylor,Canada,Headphones,1,150
1372,Ana Martinez,Spain,Headphones,3,150
1373,Maria Garcia,Mexico,Headphones,1,150
1374,Ana Martinez,Mexico,Headphones,1,150
1375,Alex Brown,Australia,Tablet,2,500
1376,Chris Taylor,Spain,Smartphone,3,800
1377,Tom Clark,Australia,Tablet,2,500
1378,Sara Lee,UK,Smartwatch,3,250
1379,David Thompson,Canada,Laptop,3,1200
1380,Chris Taylor,Mexico,Headphones,3,150
1381,Emily White,USA,Smartwatch,3,250
1382,Sara Lee,Canada,Headphones,2,150
1383,Chris Taylor,Mexico,Smartphone,1,800
1384,John Smith,USA,Smartphone,3,800
1385,Sophie Turner,Canada,Headphones,2,150
1386,Emily White,UK,Laptop,2,1200
1387,Laura Scott,USA,Tablet,3,500
1388,Alex Brown,UK,Headphones,1,150
1389,David Thompson,Spain,Tablet,2,500
1390,Sara Lee,Australia,Headphones,3,150
1391,Sara Lee,Australia,Smartwatch,3,250
1392,Daniel Evans,UK,Smartwatch,3,250
1393,Sophie Turner,Australia,Headphones,2,150
1394,Linda Kim,USA,Smartwatch,3,250
1395,Chris Taylor,UK,Headphones,2,150
1396,Laura Scott,Canada,Smartphone,3,800
1397,James Wilson,Australia,Smartphone,3,800
1398,Linda Kim,Australia,Headphones,3,150
1399,Maria Garcia,Spain,Smartwatch,3,250
1400,Emily White,Mexico,Headphones,3,150
1401,Maria Garcia,Canada,Smartwatch,2,250
1402,David Thompson,Mexico,Tablet,2,500
1403,David Thompson,UK,Headphones,3,150
1404,Daniel Evans,Canada,Smartphone,1,800
1405,Linda Kim,UK,Laptop,3,1200
1406,John Smith,USA,Smartwatch,2,250
1407,Sophie Turner,Canada,Smartphone,3,800
1408,James Wilson,Spain,Laptop,2,1200
1409,Laura Scott,Spain,Headphones,1,150
1410,Alex Brown,USA,Smartwatch,2,250
1411,Daniel Evans,UK,Laptop,2,1200
1412,Emily White,UK,Headphones,3,150
1413,Tom Clark,Canada,Laptop,2,1200
1414,Emily White,UK,Smartwatch,3,250
1415,John Smith,Australia,Smartwatch,3,250
1416,Chris Taylor,Australia,Headphones,3,150
1417,Tom Clark,Mexico,Smartwatch,1,250
1418,Emily White,UK,Smartwatch,3,250
1419,Tom Clark,Spain,Smartwatch,1,250
1420,Ana Martinez,Spain,Laptop,1,1200
1421,Ana Martinez,UK,Tablet,3,500
1422,James Wilson,Mexico,Smartphone,3,800
1423,Robert Davis,USA,Laptop,2,1200
1424,Daniel Evans,Mexico,Smartwatch,1,250
1425,Linda Kim,Canada,Smartphone,3,800
1426,John Smith,Australia,Tablet,2,500
1427,Tom Clark,Australia,Smartwatch,1,250
1428,Alex Brown,Spain,Laptop,3,1200
1429,Alex Brown,UK,Headphones,1,150
1430,Chris Taylor,UK,Smartphone,2,800
1431,Alex Brown,Spain,Smartwatch,2,250
1432,Emily White,Spain,Headphones,1,150
1433,James Wilson,Mexico,Laptop,1,1200
1434,Sara Lee,Canada,Smartwatch,1,250
1435,John Smith,Spain,Headphones,3,150
1436,Tom Clark,UK,Headphones,2,150
1437,Sara Lee,Canada,Smartphone,1,800
1438,Sophie Turner,Canada,Tablet,3,500
1439,Sophie Turner,Mexico,Laptop,3,1200
1440,James Wilson,USA,Smartwatch,1,250
1441,Alex Brown,Canada,Smartwatch,1,250
1442,Alex Brown,Mexico,Headphones,1,150
1443,Daniel Evans,USA,Smartwatch,2,250
1444,Daniel Evans,Canada,Smartphone,1,800
1445,Chris Taylor,Mexico,Smartphone,2,800
1446,Daniel Evans,UK,Laptop,3,1200
1447,Ana Martinez,Australia,Smartwatch,2,250
1448,David Thompson,Canada,Smartphone,1,800
1449,Chris Taylor,USA,Tablet,2,500
1450,Alex Brown,Mexico,Headphones,1,150
1451,Laura Scott,Spain,Headphones,3,150
1452,Robert Davis,Mexico,Headphones,2,150
1453,John Smith,Australia,Tablet,1,500
1454,John Smith,Mexico,Smartwatch,1,250
1455,Chris Taylor,Mexico,Smartwatch,3,250
1456,Chris Taylor,Spain,Headphones,1,150
1457,Maria Garcia,Canada,Smartwatch,1,250
1458,James Wilson,UK,Tablet,2,500
1459,Maria Garcia,Australia,Headphones,2,150
1460,Emily White,USA,Headphones,3,150
1461,Robert Davis,Australia,Smartphone,3,800
1462,Sophie Turner,Australia,Smartwatch,1,250
1463,David Thompson,Spain,Laptop,2,1200
1464,Emily White,Australia,Headphones,2,150
1465,Laura Scott,Canada,Laptop,3,1200
1466,Ana Martinez,UK,Headphones,2,150
1467,John Smith,UK,Smartphone,3,800
1468,Chris Taylor,Canada,Smartwatch,3,250
1469,Sophie Turner,Spain,Headphones,3,150
1470,John Smith,Canada,Laptop,3,1200
1471,Daniel Evans,Australia,Smartwatch,3,250
1472,Sophie Turner,USA,Laptop,1,1200
1473,David Thompson,Mexico,Smartwatch,1,250
1474,David Thompson,USA,Tablet,3,500
1475,Linda Kim,Australia,Headphones,1,150
1476,Linda Kim,Mexico,Headphones,1,150
1477,Ana Martinez,Mexico,Headphones,3,150
1478,Linda Kim,UK,Tablet,3,500
1479,Sara Lee,UK,Smartphone,2,800
1480,Robert Davis,UK,Smartwatch,3,250
1481,Chris Taylor,USA,Smartphone,3,800
1482,John Smith,Australia,Smartphone,1,800
1483,Emily White,USA,Smartphone,2,800
1484,Daniel Evans,Australia,Smartwatch,3,250
1485,Ana Martinez,Mexico,Headphones,1,150
1486,Emily White,Canada,Smartphone,3,800
1487,Ana Martinez,USA,Laptop,1,1200
1488,Maria Garcia,USA,Laptop,3,1200
1489,Linda Kim,UK,Tablet,3,500
1490,Emily White,Australia,Headphones,1,150
1491,Alex Brown,Spain,Smartphone,3,800
1492,Robert Davis,Canada,Laptop,1,1200
1493,Laura Scott,UK,Tablet,3,500
1494,Robert Davis,USA,Smartphone,3,800
1495,Robert Davis,USA,Smartwatch,2,250
1496,Linda Kim,USA,Headphones,3,150
1497,Tom Clark,Australia,Headphones,3,150
1498,James Wilson,USA,Smartphone,1,800
1499,Linda Kim,Spain,Laptop,3,1200
1500,Daniel Evans,Spain,Laptop,2,1200
1501,Emily White,Mexico,Laptop,3,1200
1502,Chris Taylor,Mexico,Tablet,2,500
1503,Laura Scott,UK,Tablet,2,500
1504,Sara Lee,USA,Smartphone,2,800
1505,Sophie Turner,Spain,Tablet,3,500
1506,Linda Kim,Mexico,Tablet,1,500
1507,Emily White,USA,Smartphone,3,800
1508,Emily White,UK,Laptop,3,1200
1509,Robert Davis,Spain,Smartwatch,2,250
1510,Maria Garcia,UK,Smartphone,1,800
1511,Tom Clark,UK,Headphones,1,150
1512,Sara Lee,Mexico,Smartphone,3,800
1513,Sophie Turner,USA,Tablet,2,500
1514,Robert Davis,UK,Smartphone,3,800
1515,Sophie Turner,Spain,Headphones,2,150
1516,Alex Brown,UK,Smartphone,1,800
1517,Maria Garcia,USA,Headphones,3,150
1518,Sara Lee,Canada,Smartwatch,1,250
1519,Linda Kim,Mexico,Smartwatch,3,250
1520,Ana Martinez,UK,Headphones,2,150
1521,Sophie Turner,Canada,Smartwatch,1,250
1522,Tom Clark,Canada,Smartphone,1,800
1523,James Wilson,Mexico,Smartphone,2,800
1524,Linda Kim,Mexico,Smartphone,1,800
1525,Chris Taylor,USA,Smartwatch,2,250
1526,Tom Clark,Spain,Smartphone,3,800
1527,Chris Taylor,USA,Smartwatch,1,250
1528,Robert Davis,Canada,Smartphone,1,800
1529,John Smith,Australia,Headphones,3,150
1530,Sophie Turner,Canada,Headphones,2,150
1531,Robert Davis,Canada,Smartwatch,2,250
1532,Maria Garcia,Mexico,Smartwatch,3,250
1533,Linda Kim,Mexico,Headphones,2,150
1534,John Smith,USA,Smartphone,3,800
1535,Laura Scott,Australia,Headphones,2,150
1536,Laura Scott,Spain,Headphones,3,150
1537,Sophie Turner,Canada,Smartwatch,1,250
1538,Emily White,USA,Headphones,3,150
1539,John Smith,UK,Smartwatch,1,250
1540,David Thompson,Australia,Smartwatch,1,250
1541,Laura Scott,Canada,Headphones,1,150
1542,Robert Davis,Mexico,Headphones,2,150
1543,Linda Kim,UK,Tablet,1,500
1544,Daniel Evans,UK,Laptop,2,1200
1545,Tom Clark,Australia,Smartphone,2,800
1546,John Smith,Mexico,Smartphone,1,800
1547,John Smith,Spain,Tablet,2,500
1548,Laura Scott,USA,Laptop,1,1200
1549,Maria Garcia,Australia,Smartphone,3,800
1550,David Thompson,Canada,Smartwatch,1,250
1551,Sophie Turner,Spain,Laptop,1,1200
1552,James Wilson,Australia,Smartwatch,3,250
1553,John Smith,Australia,Smartphone,3,800
1554,Daniel Evans,Spain,Smartwatch,1,250
1555,Sophie Turner,Spain,Laptop,2,1200
1556,John Smith,USA,Smartwatch,3,250
1557,Emily White,Mexico,Headphones,3,150
1558,Sophie Turner,Canada,Headphones,2,150
1559,Robert Davis,Mexico,Headphones,3,150
1560,Linda Kim,Australia,Headphones,3,150
1561,Maria Garcia,Australia,Tablet,1,500
1562,Laura Scott,UK,Laptop,1,1200
1563,Alex Brown,Australia,Laptop,2,1200
1564,Tom Clark,USA,Smartphone,2,800
1565,Tom Clark,Spain,Headphones,1,150
1566,Chris Taylor,Canada,Smartwatch,3,250
1567,Ana Martinez,UK,Headphones,2,150
1568,Chris Taylor,Spain,Headphones,2,150
1569,David Thompson,USA,Smartphone,1,800
1570,Chris Taylor,Canada,Headphones,2,150
1571,Sophie Turner,Canada,Laptop,1,1200
1572,Tom Clark,UK,Laptop,1,1200
1573,John Smith,USA,Smartphone,1,800
1574,David Thompson,Mexico,Headphones,1,150
1575,Emily White,Spain,Headphones,2,150
1576,Maria Garcia,UK,Tablet,3,500
1577,John Smith,Spain,Tablet,3,500
1578,Linda Kim,Canada,Smartwatch,2,250
1579,Maria Garcia,Australia,Smartwatch,1,250
1580,Laura Scott,Canada,Tablet,1,500
1581,Maria Garcia,Australia,Tablet,3,500
1582,John Smith,Canada,Smartwatch,3,250
1583,James Wilson,UK,Laptop,3,1200
1584,David Thompson,Spain,Tablet,2,500
1585,John Smith,Canada,Smartphone,2,800
1586,Maria Garcia,Spain,Smartwatch,1,250
1587,Emily White,Spain,Headphones,1,150
1588,John Smith,Spain,Smartphone,2,800
1589,Alex Brown,Australia,Smartwatch,2,250
1590,Alex Brown,USA,Smartphone,3,800
1591,Daniel Evans,Australia,Headphones,3,150
1592,Ana Martinez,Australia,Smartphone,1,800
1593,Alex Brown,Canada,Headphones,3,150
1594,Daniel Evans,USA,Laptop,3,1200
1595,John Smith,Spain,Tablet,3,500
1596,Laura Scott,Australia,Laptop,3,1200
1597,John Smith,Mexico,Smartwatch,3,250
1598,Alex Brown,Australia,Tablet,2,500
1599,James Wilson,UK,Tablet,3,500